{"cameraMode":{"drawMode":0,"name":"Shaded","section":"Shading Mode"},"sceneLighting":true,"audioPlay":false,"sceneViewState":{"m_AlwaysRefresh":false,"showFog":true,"showSkybox":false,"showFlares":true,"showImageEffects":true,"showParticleSystems":true,"showVisualEffectGraphs":true,"m_FxEnabled":true},"in2DMode":false,"pivot":{"x":-14.520820617675782,"y":2.114051342010498,"z":3.5784432888031008},"rotation":{"x":0.23363347351551057,"y":0.46665897965431216,"z":-0.12931358814239503,"w":0.843168318271637},"size":3.6373066902160646,"orthographic":false}