{"cameraMode":{"drawMode":0,"name":"Shaded","section":"Shading Mode"},"sceneLighting":true,"audioPlay":false,"sceneViewState":{"m_AlwaysRefresh":false,"showFog":true,"showSkybox":false,"showFlares":true,"showImageEffects":true,"showParticleSystems":true,"showVisualEffectGraphs":true,"m_FxEnabled":true},"in2DMode":false,"pivot":{"x":-0.05079236626625061,"y":-52.714752197265628,"z":-46.666446685791019},"rotation":{"x":-0.01712750643491745,"y":0.9227224588394165,"z":-0.3828655779361725,"w":-0.04127166047692299},"size":42.39930725097656,"orthographic":false}